cakavski,stokavski
abadat,pogledati
abadat,primijetiti
adio,zbogom
ala,hajde
almeno,barem
angurija,lubenica
anke,čak
anke,isto
arančata,oranžada
arija,zrak
arivat,doći
arivat,stići
armadura,skela
armar,ormar
armat,šalovati
armat,učvrstiti
armunika,harmonika
aš,jer
ašpa,greda
ašpa,drvena poluga
atelier,umjetnička radionica
augušt,kolovoz
avizat,upozoriti
avizat,obavijestiti
ažulica,ziherica
babuj,okrugli kamen
bacilat,mariti
bacilat,voditi brigu
bačva voznica,duguljasta bačva prilagođena zaprežnim kolima
badat,ubadati
badat,bosti
badava,besplatno
bagul,sanduk
bak,bik
bakul,žohar
bala,lopta
balancana,patliđan
balsamana,ukočena
bančit,partijati
bančit,tulumariti
bančit,plesati
banda,strana
bandenica,stranica
bandera,zastava
banditska,lopovska
bandunat,napustiti
bandunat,ostaviti
bankina,povišeni kameni rub uz cestu
bankuc,igra na karte za novac
barac,brajda
barbeta,brodsko uže kojim se brod privezuje za kopneni vez
bareta,kapa
barilica,bačvica
barkajol,vlasnik barke
barkun,prozor
barufa,tuča
barufa,svađa
bašelak,bosiljak
baškotini,keksi
bašta,magareći samar
baštardi,izrod
batana,čamac
batana,brodić
batić,čekić
batit se,prevrnuti se
bazgajbar,beskućnik
beči,novci
bedast,glup
bedastoća,glupost
bekar,mesar
bel,bijel
belaviša,vidikovac
belica,bijelo vino
belinac,vrsta bijelog grožđa
berekin,nosač
berekin,služnik
berma,krizma
beseda,riječ
beštimat,psovati
bevanda,vino miješano s vodom
bevanda,vino
bilo,bijelo
bin rada,željela bih
biš,crvotočina
bisage,dvodjelna torba od sukna
bisak,imela
bivat,stanovati
bivat,živjeti
bjutav,bljutav
bjutav,neslan
blago,životinja
blatno,prljavo
blato,glib
blešći,sjaji
blešći,bljesak
blokana,blokirana
blun,bundeva
blušć,povijuša
bluža,košulja
bo,ne znam
bocun,opletena boca
bodjato,bodljikavo
bodji,bodlje
bogatija,bogatstvo
bokal,vrč
bokun,komad
bolan,bolestan
bome,dabome
bome,svaka čast
bonaca,mirno more
bonaca,utiha
bonagracija,zastornica
bordižat,ploviti protiv vjetra
boro,komoda
borotalko,puder
borša,torba
boršeta,mala torba
boršeta,torbica
boška,šuma
boškarin,govedo
boškina,šumetina
botun,dugme
božja sluga,bogomoljka
bracjolet,narukvica
brageše,hlače
bratelice,naramenice
bravura,vještina
breg,brijeg
brek,pas
breme,teret
breme,prtljaga
brentača,posuda za berbu grožđa
brhan,suknja
brig,brijeg
brenta,drvena posuda za nošenje grožđa
briškula,kartaška igra
brižan,jadan
brodi jarbolati,jedrenjaci
broka,veći vrč za vodu
brontulat,prigovarati
broskva,kelj
broštula,prigovara
broštulin,sprava u kojoj se prži kava ili ječam
brumat,hranjenjem vabiti ribu na jedno mjesto
brus,oveći komad slanine kuhan zajedno s kiselim kupusom
bruštulat,paliti ili pržiti npr. kavu ili ječam
buča,mjerica za ulje u tošu
bukaleta,vrč za vino (glineni)
bukalin,noćna posuda
bukaporta,u pomorstvu poklopac grotla brodskog skladišta
buletin,ceduljica
bumbak,pamuk
bumbak,vata
bura,učestal i jak vjetar na Kvarneru. (Bura puše na refuli)
burica,mala drvena posuda
burin,slabija bura (vjetar)
burinjol,bura srednje jačine
bušat,poljubiti
bušić,poljubac
butiga,trgovina
butiga,dućan
butiger,trgovac
butiger,prodavač
buton,dugme
buža,rupa
bužban,morska riba slična pišmolju
cakavica,narječje
capon,motika pravokutnog oblika za plitko kopanje u rahloj zemlji i tesanje korova
catara,plitka brodica za prijevoz tenkova
cedilo,cjedilo
cedit,cijediti
cel,cijel
celo,cijelo
celemu svetu,cijelomu svijetu
celo,"ne poderano, cijelo, sve"
cena,cijena
ceno,jeftino
cep,mladica ili pupoljak koji se cijepi na drugu biljku
cep,mlatilo (mlatiti žito)
cepit,cijepiti
cerada,kabanica
cidilo,cjedilo
cikulata,čokolada
cima,konop
cimbulada,"ljuljačka, njihaljka"
cimiter,groblje
cintezim,"cent, stoti dio neke valute (novca)"
cinturin,"pojas, remen za sat"
cito,"tišina, umukni"
ciziba,grožđica
coban,čoban na cakavski
cok,"korjen drva, panj"
crekva,crkva
crikva,crkva
cukar,šećer
cukaran,zaslađeno
cukarijera,"zdjelica posuda, za šećer."
cundrić,resa
cupat se,grudati se
cur,mokraća
curat,mokriti
cvit,cvijet
cvitak,rani plod crne smokve znatno veći od kasnijih plodova
ča,što
ča,šta
ča,kaj
čagod,štogod (dajte čagod jimate).
čamzi,stjenice
čaval,čavao
čelica,"pčela, pčelica"
čentrin,ukrasni končani podmetač
čera,jučer
čerči,koluti na ploči štednjaka
česaj,češalj
češaj,češalj (Kastavština)
česan,češnjak
česrat,prstima fino razvlačiti vunu
čigov,čiji (Kastavština)
čimbur,dimnjak
činet (se),"prisiljavati se, siliti se, praviti se, glumiti"
čitalnica,čitaonica
čitovat,"cjelovit, kompletan"
čitovat se rodil,zdrav - bez mane
čivera,drvena nosila
čiverun,"drveno nosilo za veće terete, koje nosi šestero ljudi"
črčak,cvrčak
črčki,cvrčci
čreda,"smjena, redoslijed, dogovoreni raspored, obavljanje nekog posla"
črešnja (črišnja),trešnja
črevca,vrsta korova
črjeni,crveni
črjeno,crveno
črljeno,crveno
črn,crn
črni lokić,pećurka livadna
črnika,"crnika, vrsta primorskog zimzelenog hrasta"
črno,crno
črv,crv
čuda,"puno, mnogo"
ća,otići
ća,daleko
ća pasali,otišli
ćaća,tata
ćaća,otac
ćakulat,razgovarati
ćakulat,pričati o
ćakulon,brbljavac
ćakulona,brbljavica
ćanta,opletena staklena boca od 2 l
ćapala,uhvatila
ćapala,uhvatila
ćapan,"uhvaćen, ulovljen, ćaknut, luckast"
ćapat,uloviti
ćaro,"svjetlo, jasno"
ćemo,hoćemo
ćepa,"pljuska, šamar"
ćepat,pljuskati
ćika,opušak
ćikabernica,pepeljara (Kastavština)
ćikara,pepeljara
ćikat,"žvakati duhan, vrsta ljubomore"
ćikulata,čokolada
ćo,druže ! (oslovljavanje)!
ćolica,"svjetiljka na ulje, uljanica"
ćorav,smanjenog vida
ćuća,"sigurnosno uže, potegač koće"
ćuri,drijema
ćuti se,osjećati se
ćutit,osjećati
da,dati
dabast,zaboravljiv
dakordo,složno
damižana,opletena oveća boca
dan zmaknjuje,spušta se veče
danaska,danas
dati kontru,naglo povući najlon
daž,kiša
daži,pada kiša
dažjeni,"kišni, kišoviti"
debula,slabašna
deca,djeca
dečica,dječica
dečina,dječurlija
ded,djed
deklamirat,recitirati
del,dio
delat,raditi
delavci,radnici
delidba,"dijeljenje, razdioba"
depožit,"spremište, rezervar"
"derić, derik","dizalo, dizalica, vitlo, pomoćni jarbol"
dešperija,"bez nade, beznađe"
dešpet,"nepravda, prkos, inat, zloba, neugodnost"
"dešpetivac, dešpetljivac","zlobnik, onaj koji čini nepravdu"
deštard,"tvrdoglav, svojeglav"
deštin,sudbina
dešturb,uznemirenost
detečji,dječji
devica,"sluškinja, kućna pomoćnica"
dežbrigat,osloboditi se brige
dica,djeca
dignut,podići
diguje,dizati
dih,miris
dihat,disati
dindona,ljulja
diraka,"draž, glog"
dišeće,mirisno
dišeće,mirisno
dišel,mirisati
dišenjat,"zacrtati, crtati"
diši,miriše
diškorš,razgovor
dišperana,"tužna, razočarana, žalosna"
dišpet,"inat, nestašluk"
dišpijacer,učiniti na žao
distancat se,udaljiti se
dite,dijete
diva detelina,divlja djetelina
diva koza,divokoza
divan,"vrsta sofe, otoman"
divi,divlji
divi prasac,"divlja svinja, vepar"
divojčice,djevojčice
divojka,djevojka
dobit del,dobiti batina
dodelat,doraditi
dogajat se,događati se
dohaja,dolazi
domislet se,"sjetiti se, dosjetiti se"
domišljat se,"sjećati se, sjetiti se"
doplavat,doplivati
dota,miraz
dotuda,otuda
dovde,odande
drago,"milo, radosno, me veseli (dobra vijest)"
drago,skupo - cijena
drenjuli,"drenjine, plodovi drena"
drevo,"drvo, stablo"
drito,ravno
dritura,"ravnica, ravnina"
drmavčići,visibabe
drob,"trbuh, jetra"
drobit,lomiti
drobnica,vrsta masline
drobno,"sitno, maleno"
dropini,drop
drsat,klizati
dršć,"vrsta ptice, slične drozdu"
drugde,drugdje
drugoška,"nekada, davno"
držat,držati
dohtor,doktor
dohtor,liječnik
duperat,"rabiti, upotrebljavati"
dupjak,boca od dvije litre
duplica,boca od dvije litre (najčešće se misli na vinsku)
durada,trajnost
durat,trajati
dvajset,dvadeset
dvor,nastamba za stoku kamenih zidova i slamnatog krova
dvorci,vile
e,hej
engleški,engleski
fabrika,tvornica
facol,marama
facolić,maramica
fadigat,obrađivati zemlju
fagot,"veći zamotuljak, zavežljaj"
fagotić,mali zamotuljak
fakin,"deran, mangup"
fal,greška
fala,hvala
falas,"pokvaren, dvoličan"
falil,nedostajao
fameja,obitelj
familja,obitelj
fanj,"prilično, dosta"
fanjski,"krupan, može i vrijedan"
fantina,dječak
farbuk,"kanta sa drškom ,služi za pravljenje buke i tjeranje ribe u mrežu"
farmacija,ljekarna
farmentun,kukuruz
faš,"zavoj, povoj"
faša,vrpca
fašica,kopča
fatigat,truditi se
fatorija,"krojačnica, tvornica gdje se šiva odjeća"
fažol,grah
febra,vrućica
feral,"lampa, svjetiljka, fenjer"
fermalo,"stalo, stoji"
fermat,"stati, zaustaviti se"
fešta,veselje
feštat,proslaviti
feštat,slaviti
feta,"kriška, odrezak"
fianona,plomin
fibija,"ukosnica, kopča"
fičić,zviždaljka (Kastavština)
fijok,mašna
fijok,mašna
fijolica,ljubičica
fijonda,praćka
Fijumera,Rječina. (na Fijumeri - uz Rječinu Mrtvi kanal)
fila,red
finit,"završiti, svršiti"
finjeno,gotovo
fišćet,zviždaljka
fišpanj,žica od kišobrana (Kastavština)
flajda,radna kuta
fleka,mrlja
flok,"vrsta jedra, malo trokutasto jedro"
foji,novine
foran,pećnica
forca,snaga
forno,pećnica
fortica,"utvrda ( Z jedne strane bila je fortica Sršćica, a z druge kula Frankopanska, na ulazu u Bakarski zaljev )"
fortunal,naglo nevrijeme na moru uz vjetar i valove
frajar,"udvarač, dečko u ozbiljnoj vezi"
frajat,"gostiti se, častiti"
frajat se,"provoditi se, uživati život."
frakalas,"vjetropir, adolescent"
franbovo,malinovac
frantojo,drobilica
fraz,bolest (djeca)
freza,"glodalica, glodalo"
friško,"sviježe, malo hladno (za vrijeme), friška hrana - hrana nije stara"
frita,uštipak
fritaja,"kajgana, omlet"
friti,uštipak
fritula,uštipak
frkalas,vjetropir - adolescent
frmentun,kukuruz
frminanti,šibice (Kastavština)
fruti,"voće, voćke"
fuga,"spoj između elemenata konstrukcije, kamenja ili pločica"
fumat,pušiti  duhan
funcut,obješenjak
fundaće,talog od kave (Kastavština)
fundament,temelj
fundat,potopiti
furbo,prefrigan
furešt,"stranac, primjer : ""ona j furešta, ali se j oženila za Grobničana"". (Grobnišćina)"
furminanti,šibice
gad,zmija
gajba,krletka
Galerija,dio ceste Hreljin - Križišće pred tunelom
gambeta,podmetanje noge (faul)
gamela,limena vojnička posuda
ganac,kuka
ganač,kuka
gatar,vrsta velike ručne pile
gavitel,"plovak, oznaka na moru"
gerica,udarac šibom po dlanovima u svrhu kažnjavanja
gjeda,gleda
gjedan,gledam
gjedati,gledati
gjista,glista
gladit,dragati rukom
gloh,trn
gnjilet,"gnjiliti, trunuti"
gnojišće,"gnojište, mjesto gdje se skuplja stajsko gnojivo"
goba,grba
gobast,"pogrbljen, grbav"
"gof, orhan",vrsta morske ribe
golfo lion,Lionski zaljev
"golinka, golenka",vrsta jestive gljive
gologlavina,meso sa svinjske glave
goma,guma
"gomarići, gumarići, gumarice",tenisice
gomjuša,krpica na štapiću kojom se vlaži kosa pri klepanju
grabjice,male grablje
grabrić,mali grab
"gradelac, grdelac",vrsta ptice
gradeli,roštilj s rešetkama
grah,grašak
graja,"kupina, žbunje, trnje"
grajan,stanovnik grada
grašćica,stanovnica grada
grd,ružan
grdo,ružno
gre,ide
gremo,idemo
gren,idem - ići
grest,grepsti
grešta,pletenica od luka ili češnjaka
grez,"grub, neprofinjen, neotesan, sirov"
grimje,gromovi
grišpa,bora
griz,"kupuruzno brazno, zalogaj"
grje,ružnije
grm,hrast
grmić,hrastić
grmi,grmljavina
grnut,grabljama i metlom od šiblja skupljati suho lišće
gromača,"suhozid, hrpa kamanja"
grop,čvor
grot,"grotlo, kameni otvor na šterni, cisterni"
grota,"stijena kod mora, hrid"
grozje,grožđe
grudi,grudve
grudi,grude
gruh,hrpa kamenja
grunj,ugor
gubica,njuška
gurla,oluk
gušt,"užitak, zadovoljstvo, ukus u hrani"
guvno,"gumno, mjesto gdje se mlati žito"
gvardašol,suncokret
gvera,rat
hahar,"prevarant, mangup"
harta,papir
hipac,trenutak
hita,baca
hitan,bacam
hitati,bacati
hitila,bacila
hlapac,sluga
hodeć,hodajući
hodit,ići
hodit,"ići, hodati"
homo,hajmo
hote,idite
hote semo,dođite
hrahorica,mali žbun
hrbat,leđa
hrptena kost,kralježnica
Hrvacka,Hrvatska
hud,"šupalj, probušen"
hudobina,zločesta osoba
huje,"gore, lošije"
hviri,jedva živi
ido,jelo
imbroj,vrsta velike ribarske mreže
imšempjan,"zaglupiti, smućen"
incerada,kabanica
"inćon, inćun",vrsta plave ribe
infišan,zaljubljen
ingamba,"dobro se drži, u redu"
"inkanat, inkant",dražba
inkantat se,"zaprepastiti se, ukočiti od iznenađenja, straha i sl."
inkaštrat se,"uklještiti se, zaglaviti"
inkolpat,doživjeti srčani udar
inpenjat,zauzet nekim poslom ili obavezom
inšempjan,smućen
inšoma,"dakle, bilo kako bilo"
inštrument,instrument
intimela,jastučnica
intrada,"usjev, ljetina"
inžinjat se,"snaći se, improvizirati, razumjeti se u posao i sl."
iša,"digni, u pomorstvu"
išćat,tražiti
iscrpjen,"iscrpljen, potrošen"
išću,traže
iskat,tražiti
ispekal,ispekao
iveštit,sudariti se
jad,ljutnja
jadan,ljut
jadan,"ljutit, srdit"
jadi se,ljuti se
jadna,ljuta
jagodica,jagoda
jagodica,boba
jaketa,jakna
jalova,neplodna
japnar,"jama, udubljenje u kojem se gasi živo vapno"
japnenica,"vapnenica, mjesto gdje se peče kamen i proizvodi vapno"
japno,vapno
jardin,park
javorika,lovor
jecati,govorna greška
jednega,jednoga
jedva,teško
jenar,siječanj
jerlanda,vijenac
jerlanda,vjenac
jerti,kameni okviri kod vrata i prozora
"jeruh, jerušica",ovca u drugoj godini života
"ješka, ješkat","mamac, stavljat mamac na udicu"
ješkat,mamiti
ješmik,ječam
ješmikovica,napitak od prženog ječma i mlijeka
jidro,jedro
jigla,igla
jigrat se,igrati se
jih,"ih, njih"
jime,ime
jimenovat,imenovat
jimet,posjedovati
jimet,imati
jimet potolicu,biti razmažen
jin,"im, njima"
jincerada,gumeno ili najlonsko zaštitno odijelo
"jir, đir","okret, zavoj"
jist,jesti
jist parićat,pripremiti jelo
jistina,istina
jog,"mjesto gdje se igraju boće, boćalište"
joh,jao
joh mane,jao meni
jota,"primorsko i istarsko jelo od kiselog kupusa, ili repe, graha (fažola)"
jubav,ljubav
jubi,ljubi
jubica,ljubica
Jubljana,Ljubljana
judi,ljudi
julnica,oveće sito od drvenog obruča i pletenog šiblja (za pročišćavanje žita)
jušto,"upravo, točno, baš"
jušto kad san,baš kad sam
juto,ljuto
"jutre, jutra",sutra
južina,"jugovina, južno vrijeme"
kabal,"veća posuda na ručke, obično drvena"
kablić,mala posuda
kacarijola,zaimača
kacavida,odvijač
kačka,zmija
kacot,"stisnuta šaka, udarac šakom u glavu"
kad,kada
kada,kada za kupanje
kadagod,ponekad
kade,gdje
kadena,lanac
kadi,gdje
kadin,lavor
kafe,kava
kaiš,remen
kakara,javni wc
kako,kao
kakov,kakav
"kal, kalić","omanja lokva, udubljenje u ilovači s vodom"
kala,uličica
kalan,spušten
kalandraka,vrsta jela od kuhanih komadića mesa i krumpira
kalat,"spuštati, spustiti"
kalceta,čarapa
kalceti,čarape
kaldaja,posuda u kojoj se grije voda
"kalit, kalat",cijepati drvo po dužini
kalmat,smiriti
kalmat se,smiriti se
kalotina,cjepanica
kaluju,spuštaju
kaluma,plovak
kaluža,"kaljuža, mlaka"
kamara,soba
kamičić,kamenčić
kamičina,kamenčina
"kamijon, kamijoncin","kamion, kamiončić"
kamik,kamen
kampana,zvono
kampanja,"poljoprivredno dobro, seosko imanje"
"kampijun, kampijon",uzorak
kana,cijev
kanela,cjevčica
kanotjera,potkošulja
kanp,kamp
kanpana,zvoniti
kantal,pjevač
kantat,pjevati
kantjer,brodogradilište
kantreda,stolica
kantrida,"stolica (katrida, katrida, kantreda). Na Grobniku se kaže kantrida. No svako područje ima svoj naziv. Npr.u Mošćenicama se kaže kantreda."
kantun,"ugao, kut"
kantunić,mali ugao
kantunjer,cestar
kapo,"šef, gazda"
kapot,kaput
kapricijati,"smetati, izazivati, tvrdoglavost, ne popustiti"
kaput,"pogvareno, uništeno, gotovo (svršeno)"
kapuz,kupus
karak,teret
karatel,mala bačva
karbit,karbid
karbun,ugljen
karijola,građevinska kolica
karoca,kolica
karta,"papir, putna karta"
kartulina,razglednica
kasaleta,lijes
kašća,"spremište za masline, rupa za krumpir"
kasela,"sanduk sa poklopcem, mrtvačka škrinja"
"kaška, kačka",zmija otrovnica
kašneje,kasnije
kason,sanduk
kaštigal,kaznio
kaštigat,kazniti
"kasun, kašun",sanduk
katrida,stolica
kaumišta,uže pojačano čeličnim užetom
"kaval, kavala","vrsta morske ribe, konji"
kaveča,"oglavina, stavlja se na glavu životinje da bi se mogla voditi"
kazerma,vojarna
kažin,metež
"keber, kebar",hrušt
kega,koga
keh,koje
kekica,vrsta malenog cvrčka
kemu,kome
ki,"tko, koji"
kikari,veće šalice
kikarica,šalica
kikarini,male šalice
kipaj,posada
kiren,skakavac
kita,grana
kjanta,boca opletena palminim lišćem
kjepolo,pribor za klepati kosu
kjesat,klesati
kjet,"kleti, proklinjati"
kjice,"klice, izdanci kod klijanja"
kjin,klin
kjun,kljun
klabučić,šeširić
klabuk,šešir
klal,stavio
klanac,"uska uličica, gradska"
klanfa,veća željezna kuka koja služi za spajanje predmeta
klavirka,harmonika koja ima klavijaturu
klešća,kliješta
klobuk,šešir
klošćina,ogrizak (ostatak od pojedenog voća npr. jabuke)
klubak,klupko
kmet,u našem kraju imućniji seljak
kobilica,"vrsta štednjaka, starinski"
koća,"mreža potegača, brodica koja vuče koću"
kofa,košara
kojenati (se),prevariti (se)
kokošar,kokošinjac
kokoše,kokoši
kokoševina,kokošje meso
kola,ljepilo
kolajna,ogrlica
kolap,"udar, npr. moždani"
koledvanje,"koledanje, obilazak kuća u božićne i novogodišnje praznike uz pjesmu i čestitke"
kolena,koljena
koleno,koljeno
kolo,kotač
kolor,boja
kolorat,bojiti
koloturica,motovilo (na njega se namota povraz)
koltra,"končan, ukrasni prekrivač za krevet"
koltrina,zavjesa
komač,jedva
komandant,zapovjednik
komin,dimnjak
komodin,noćni ormarić
komon,dimnjak
komoštra,"lanac iznad ognjišta na koga se vješa posuda, kotao za kuhanje"
kompanjat,pratiti
komunsko,"opći, općinski"
kondot,zahod
konjić,"mali konj, krovne grede"
konoba,podrum
kontento,zadovoljno
kontra,"nasuprot, protiv"
kopanjice,plitka drvena ili željezna posuda za nositi iskopanu zemlju i kamenje
koperta,"končan, ukrasni prekrivač za krevet"
kopica,"čarapa (muška ili ženska), često služi i za kopanje"
kor,zbor
korajo,hrabro
"korenat, kurenat","struja, najčešće se misli na morsku"
korezin,lančić (Kastavština)
korizma,kod kršćana razdoblje od 40 dana prije Uskrsa
kortejat,"simpatizirati, udvarati se"
koser,kosijer
koserača,sklopivi zakrivljeni nožić
koška,kvočka
kosozobac,vrsta crnog grožđa
kostum,kostim (najčešće se misli kupaći)
kot,kao
kotac,izdvojen prostor za domaće životinje
kotal,"velika posuda, kotao"
kotlenica,"peka, željezna posuda u kojoj se na ognjištu peče kruh"
kotorata,"otvor u podu, kroz koji se stepenicama spušta u podrum"
kotul,suknja
"koverta, kuverta",paluba broda
kožjak,selo u Istri
krabuljosnica,maska
krabunosnica,maska
kračat,nespretno hodati
kračun,zasun
kramat,lutati
"kranp, kramp","trnokop, pijuk"
kravuj,ptica grabljivica
krejutat,mahati krilima
krejuti,krila
krepano,nije živo
krepat ma ne molat,"uzrečica na Kvarneru.U prijevodu ""umrijet,ali ne odustat""."
krepko,"čvrsto, jako"
krijanca,pristojnost
krosna,tkalački stol
krpatur,poplun
kršit,lomiti
ku,koju
kućarin,žličica
kućer,vozač zaprežnih kola
kućeta,krevet
kudejica,kudjelja
kuharica,kuhača
"kujin, kujina","bratić, sestrična"
kukumar,krastavac
kumedija,"komedija, šala"
kumpanija,"društvo, udruga"
kumpanjon,"partner, ortak"
kumpar,kum
kumparit,uspoređivati
kunbasica,kobasica
kuneštra,košara ispletena od šiblja (vrbe) koja se najčešće koristila pri berbi grožđa i ostalog voća
kunfin,granica
kunjado,šurjak
kunjera,drveni ili željezni klin kojim se cijepe drva
kunšerva,"konzerva, koncentrat rajčice"
kuntati,pjevati
kuntenat,razveseliti se
kuntenta,zadovoljna
kuntrat,ugovor
kup,"malo brdo, hrpa"
kurijera,autobus
kurijožno,znatiželjno
kurioz,znatiželjan
kurjera,autobus
kuron,"zemljani rubnik, obrastao travom, kod lijeha oblikovanih stepenasto"
kus,"komad, dio"
kuš,kadulja
"kušćer, kušćerica","gušter, gušterica"
kušet,bedro
kušin,jastuk
kušinelnica,jastučnica
kužina,kuhinja
kvarat,mjera za ulje u tošu
kvas,kvasac
kvasina,ocat
kvatri,kod katolika post o početku svakog godišnjeg doba
kvilit,cviliti
labor,posebna zamka za ptice s kamenom pločom
lac,"zamka za divljač od žice, užeta i sl., omča"
lačan,gladan
ladonja,koprivić
lagje,lakše
lahko,"lako, lagano"
laloka,desni
lamarin,lim
lambik,kotao za kuhanje rakije
lampa,"svjetiljka, bljesak"
lampadina,"električna žarulja, ručna lampa na bateriju"
lampat,sijevati
lancun,plahta
lane,prošlo ljeto
"lanpa, lanpat","svjetiljka, sjevati"
lanterna,svjetionik
lantri,prozorska krila
largevati se,odalečiti se
lašći,sjaji
lašći,sjaji
laškat,"popustiti stisak, uže i sl."
lašno,gladno
laštika,lastika
laštikača,puška za podvodni ribolov na lastiku
lata,"lim, limena posuda"
lavabo,umivaonik
lavaman,lavor
lavatojo,"perilo, mjesto za ispiranje rublja"
lazanji,"lazanje, domaća široka tjestenina"
lazno,vrijeme
leći će pu,leći će pokraj
ledenice,viseći led u obliku sige
leha,"lijeha, polje"
lehi,njive
lej,lijevak
lejić,mali lijevak
lemuncin,limun
lepo,lijepo
lepota,ljepota
Leprinac,Veprinac
leroj,sat
lesa,sušilo za sušenje smokve
lesica,lisica
lešina,livada
lešnjak,"lijeska, plod lijeske"
"let, levat","liti, ljevati"
letina,urod
leto,godina
leto,ljeto
letričar,električar
letrika,električna struja
letvo,"dijetlo, alatka za obradu drva"
levant,"vrsta vjetra, istočnjak"
ležišće,"ležaj, ležište"
libar,knjiga
limat,trljati
limozina,"milodar, dobrovoljni prilog kod mise"
lišo,"1. bez posljedica ili peripetija (npr. pasat lišo), 2. karta bez punata (bodova)"
lito,ljeto
litrat,"slika, fotografija"
lizalka,lizaljka
Ljuško,tuđe
lojnica,svijetiljka na loj
lokarda,"skuša, vrsta plave morske ribe"
lokić,gljiva
lonac,veće kuhinjsko suđe
lončić,malo kuhinjsko suđe
lopar,drveni predmet sličan lopati za stavljanje tijesta u peć ili u ognjište
loparda,"sak, podmetač, okrugla mrežica na dršci za loviti ribu"
lopatat,raditi sa lopatom
lopran,zrakoplov
lotrina,vjeronauk
lovčar,lovac
lovnica,plast sijena
lučić,mali luk
lulat,"ljuljati, njihati"
lulat se,ljuljati se
lumber,lovor
lumbrela,kišobran
lumeta,zidna svjetiljka na ulje
luna,mjesec
"lunbrela, lumbrela",kišobran
lungomare,šetnica duž obale
luštrat,glancat
luštrin,dugi zlatni lančić
lutrina,vjeronauk
lužerna,posuda ispod preše u koju cijedi ulje
"lužit, lužilo",pranje bijelog rublja na poseban način
ma,ali
ma ke,"uzrečica, negacija"
maća,mrlja
"maca, macola",veliki bat
madir,drvena oplata broda
"maeštal, majestral","maestral, vjetar"
maganja,nedostatak
maganjan,oštećen
"magar, magari",makar
mah,"zamah, mahovina"
maja,odjevni predmet od vune
majna,spusti (u pomorstvu)
makaruni,"žličnjaci od brašna, šuplja pašta"
makina,"stroj, mašina, čest izraz za automobil"
"malin, malinac","mlin, mlinac"
mandrać,lučica za barke.
mane,mene
maneštra,gusta juha od povrća
manig,drška alatke
marč,ožujak
marenda,doručak
mariner,"štap s kukom na kraju, služi kod pristajanja brodova i barki"
marun,kesten velike kvalitete
marunada,fešta od maruna
marvica,duga
maša,"misa, crkveni obred"
maškari,maškare
maslo,domaći maslac
mastić,prvo vino koje se pravi u maloj bačvi da bi se za glavnu berbu imalo što piti
mastit,"gazit, gnječiti"
mat,majka
mater,majka
matičica,motičica
matika,motika
meči,"kod izrade koševa okomiti nosači koji se opliću šibljem, lijeskom"
med,između
medaja,medalja
"medičina, medicina",lijek
megada,"mala drvena posuda s jednom uškom, ručkom"
meh,mijeh
mehko,"meko, mekano"
mej,između
mejada,"u maslinarstvu, količina koliko se maslina može odjednom samljeti"
mel,pijesak
melograf,"pisač i sakupljač notnih zapisa, pisač nota"
melta,žbuka
mendula,badem
Merika,Amerika - uglavnom se misli na SAD
merital,zaslužio
merlić,čipka
merlići,čipke
merlin,mrkva
mesec,mjesec u godini
Mesec,Mjesec
mesit tijesto,"izrađivati, raditi tijesto"
meštar,"učitelj, majstor"
mestit se,"premještati se, mijenjati mjesto"
mesto,"mjesto, umjesto"
meštrica,učiteljica
meštromo,vođa palube
mežnjar,"čovjek koji se brine o održavanju crkve, pomaže svećeniku"
mića,malena
mići,"malen, mali, sitan"
mićihan,sićušan
mićo,maleno
mićoj,malenoj
migavica,vrsta ribarske mreže
mihur,mjehur
mina,građevinski eksploziv
minat,minirati
mirakul,čudo
mirina,napuštena kuća
mirina,ruševina
mižerija,neimaština
"mjava, mjavica","dugačka, drvena motka kojom se klati kestenje"
"mjava, mjavica",dugačka drvena motka kojom se klati kesten
mladić,momak
mlado leto,proljeće
mlajarija,mlađarija
mlatit,"udarati, tući"
mobilija,namještaj
mola,"pusti, puštaj"
mona,budala
mona,pizda
mona,pička
monada,"tričarija, glupost, pizdarija"
mora,"šijavica, igra prstima uz glasno izvikivanje brojeva"
mora bit,treba biti
morda,možda
more tuć,ploviti morem
morete,možete"
more,može
morš,škrip
mot,"znak rukom, pokret"
motopatina,romobil
movit,micati
mrkač,muzgavac
mrzal,hladan
mrzlina,hladnoća
mrzlo,hladno
muć,hrpa pijeska
mučan,biti u tjeskobi
mučat,šutjeti
mučeć,šutke
muči,šuti
muči me,teško mi je
mudande,donje gaće
mudandi,gaćice
mujaka,otpadna voda kod preradbe maslina
muka,brašno
muke,brašno
mul,"pristanište, riva"
mularija,dječurlija
multa,novčana kazna
munjen,lud
munjesat,"bučna zabava, ludovati"
munjin,"lud, otkačen"
murka,talog iza mljevenja maslina
murva,dud
muštaće,brkovi
muzica,ovca koja daje mlijeko
nabadat,stavljati
nabandala na visoki taki,obukla visoke pete
nabavjen,nabavljen
nabikač,čekić kojim se nabijaju obrući na bačvi
nabumbat,napuhnuti
naćas,noćas
načrmunjen,namršten
"naćvi, naćve",dugačka drvena posuda u kojoj se mijesi tijesto
nadarbina,darovnica
nafeštat se,"naslaviti se, slaviti više puta u nekom razdoblju"
nahod,"nahoče, siroče"
najboje,najbolje
najden,nađen
naješkat,"staviti ješku, mamac"
najhuji,najgori
najprvo,najprije
najšesneje,najbolje
najštimanije,"najugledniji, najcjenjeniji"
najuštat,točno namjestiti
nakjepat,klepanjem naoštriti kosu
nakraman,pripit
namenit,namijeniti
nametit,naložiti vatru
namisal,"na pameti, u mislima"
namisle,na pameti
namisliti,naumiti
namočit,uroniti u vodu
namoran,zaljubljen
namorevat,zaljubiti se
namržjen,naboran
namutit,"namamiti, smutiti"
nanke,niti
nanke ne abada,niti ne primjećuje
napiturana,našminkana
napožan,"specijalan, napravljen upravo za to"
napurena,uvrijeđena
naricana,kovrčave kose
narisati,nacrtati
naručaj,na rukama nositi
naškoditi,nanjeti štetu
nasliša,sluša
naslišat,slušati
nasmet se,nasmijati se
natirat,natjerati
navada,"običaj, navika"
navaditi,naučiti
navagat,polako veslati
navajan,naučen
navigat,"ploviti, obično po moru"
"navrez, navrest, navrezen","nataknuti na konac, nataknut, uvući konac u iglu"
navrnut,svratiti
ne przni,ne lupetaj
nebog,jadan
neboto,skoro
neč,nešto
nedeja,nedjelja
negdere,negdje
nekadanje,nekadašnje
nekega,nekog
neki,netko
nekin,nekim
nem,lud
nemotarit,"veseliti se, zabavljati se, otkačiti se"
"neš, neč",nešto
nesakidanje,"nije dnevno, nesvakidašnje"
nesan,nisam
nevera,"nevrijeme na moru, oluja"
nevesta,nevjesta
nevoja,"nevolja, jad"
ni mi lazno,nemam vremena
ni se šlo va ocat,nije sve propalo
"nič, niš",ništa
ničesa,ničeg
nido,gnjezdo
nigdere,nigdje
nikamor,nikuda
niki,nitko
nisan,nisam
njazlo,gnjezdo
njigov,njegov
njihovi,od sviju
njiji,njezin
njoki,okruglice od krumpira i brašna
njurgat,prigovarati
nona,baka
nono,djed
nopak,naopako
noštromo,vođa palube
nukla,ostatak poslije istiskivanja ulja
nukla,ostatak poslije istiskivanja ulja
"obač, obić","pogledati, posjetiti"
obahajat,obilaziti
obastat,opstati
obazret,osvrnuti se
obećat,obećati
"obed, obedvat","objed, ručak, ručati"
obesit,objesit
oblica,vrsta masline
obogatet se,obogatiti se
obrnjat,okretati
obrnut,okrenuti
"obrubjin, obrubjen",obrubljen
obzirat se,okretati
oćali,naočale
očišćeno,nešto čisto
oćutit,osjetiti
ocvirki,čvarci
odalečiti se,udaljiti se
odelat,odraditi
odelit,razdvojiti
oderat,oguliti
odmahevat,odmahivati
"oficjal, ofičjal",časnik
"ofindit se, ofendit se",uvrijediti se
oganj,vatra
ognjišće,ognjište
okole,"naokolo, uokolo"
okruti,"posuđe, bačve i sl."
olahne,olakša
olita,crijeva
olt,"dječja igra, oduzmi manje teritorija"
onput,"onda, onomad"
opaćevina,vrsta bijelog grožđa
opanki,opanci
"opeda, opeta",opet
opiranje,otvaranje
opleteno,počešljano
oplin,dio zaprežnih kola
"oprćin, oprćen","natovaren, opterećen"
orada,"morska riba, komorča, podlanica"
ordinat,"narediti, naručiti"
orebac,vrabac
orebica,jarebica
oreh,orah
orelijeva,blagdan svetog Aurelija
organić,usna harmonika
oslak,magarčić
ostak,vrsta korova
ostal,ostao
oštarija,gostiona
oštija,uzvik iznenađenja
ostrgat,ostrugati
oštrigeca,uzvik čuđenja
ostruga,kupina
ostružnica,plod kupine
otakat,"otakati, pretakati vino"
otari,obriši
otavić,čašica
otet,htjeti
othitit,odbaciti
otpravit (se),"otpraviti se, otpremiti se, otputiti se"
otpret,otvoriti
otprto,otvoreno
otročice,djevojčice
"otrok, otročić",dijete
otrt,obrisati
ov,ovaj
ovčevina,"ovčetina, ovčje meso"
ozviranje,žudnja
ozvirat se,žudjeti
pačat,uplitati se
pačit,smetati
padela,zdjela
padela,plića posuda u kojoj se kuha
paezan,sumještanin
pagar,morska riba slična zubacu
paj,za tzv. zaimaču (Kastavština)
pajak,zaimača
pajol,podnica na dnu barke ili broda
pal,telefonski ili električni stup
palandera,"mreža u kojoj se love palamide, zubac i sl."
palenta,"kukuruzna hrana, kaša, žganci"
palentar,mala deblja kuhača za mješanje palente
palica,štap
paličon,"deblji štap, obično se misli na okresane grane za loženje"
palingar,parangal
pametit,pamtiti
pamidor,rajčica
panada,juha s ukuhanim kruhom
panaric,akutna gnojna upala prsta ruke
panatika,"hrana, namirnice na brodu za duže vrijeme"
pandul,tanko uže sa utegom koje se baca s broda na rivu
panin,"okruglasti hljepčić, od bijelog brašna."
pantigana,štakor
panula,način ribolova u pokretu
papafig,u pomorstvu vrsta jedra
papagalo,papagaj
papalina,sitna morska riba slična srdeli
para se,činiti se
parapet,"kamena ograda, zidić"
pared,pregradni zid
parićan,spremljen
parićano,pripremljeno
parićat,pripremiti
parićat,spremiti
parići,vesla
paroket,u pomorstvu vrsta jedra
partit,"ići na put, krenuti"
paruka,vlasulja
pasa,prođe
pasa,prođe
pašabrod,cjedilo
pasal,prošao
pasalo,prošlo
pasano,prošlo
pasareta,vrsta bezalkoholnog pića za vrijeme Italije
pasat,proći
pasat,ići
pasići,psići
pašta,tjestenina
paštašuta,špageti s gulašem
paštica,sitna tjestenina
"patana,","batana, vrsta barke"
pečanja,svinjsko meso
pegula,"baksuz, nesreća"
pejala,vodila
pejat se,voziti se
pekjar,prosjak
pekjat,"prositi, prosjačiti"
peknica,pekara
pena,pjena
perača,drvena daska sa ručkom - kod ispiranja robe
peran,dio zaprežnih kola
peša,"vrsta repe, obično se daje stoci"
pesak,"pijesak, pješžana plaža, žal"
pešćaci,kamenčići
pešće,pijesak
pešekan,morski pas
peškafondo,"varalica, skosavica za lov liganja"
peškarija,ribarnica
peškat,"imati gaz, npr. brod je peškal 4 m"
pest,šaka
peštador,daska za rezanje u kuhinji
peštarol,daska za rezanje u kuhinji
peštat,"lupati, može i lupetati, govoriti iskrivljeno"
peteh,"pijetao, kokot"
petrojo,petrolej
peza,"vaga, težina, teret"
pezomorto,mrtvi vez za brodice.
picat,"bosti, ubadati, podbadati"
picikanoride,"igra draganja, dok jednom zavežu povez na oči drugi ga dragaju a on pogađa tko je"
pijat,tanjur
piježa,sviđa
pikabit,sobni ormar
pikjača,vrsta trešnje
pikjat,šiljiti
pinčica,dugoljasti hljepčić.
pinel,kist
pinel,kist
pinelat,bojiti
pinka,štruca kruha.
pipa,lula
pirun,viljuška
pišćenci,pilići
pišmoj,"pišmolj, morska riba slična osliću"
pištola,pištolj
pitur,soboslikar
pitura,"boja, bojiti"
piturana,našminkana
pjombadura,u pomorstvu upletak od konopa
pjombo,olovo
pjoski,"kamene pločice, dječja igra ""Školice"""
placa,trg
plašćenica,vunena traka dugačka par metara za nositi teret
platurina,dio tijesta kod prešanja maslina
plavat,plivati
plavica,vrsta masline
plavuće,"plivajuće, plutajuće"
plečić,krpena vezica
pleter,osnova pregradnog zida od pletnog šiblja na koju dolazi žbuka
pletilo,pletivo
pleva,pljeva
plovan,svečenik
poč,pošto
poć,ići
počinut,odmoriti
počivalo,mjesto odmora
pod,ispod
pod,tlo
podabrat,skinuti donje listove
poderali,pokidali
podnetit,naložiti vatru
podrsnut se,poskliznuti se
pofašana,"umotana, povoj"
pofašat,zaviti ranu - dječji povoj
pofrajat,"prorajtati, potrošiti uludo."
pohincevajuć,poskakujući
pohincevat,poskakivati
poji,pojede
pojil,pojeo
pojist,pojesti
pokarat,posvaditi se
pokle,"poslije, kasnije"
polovnik,mjera za količinu masline
pomivat,prati suđe
pomulat,popustiti
pomulevat,"popuštati, olabaviti"
poneštra,prozor
poneštra,prozor
poneštrica,prozorčić
ponjava,pokrivač
popel,pepeo
portun,ulazna vrata
pošajen,pošaljem
pošpijat,pogledati poskrivečki
posteja,krevet
postelja,krevet
postilja,krevet
poštivano,složeno
postoli,cipele
pot,lonac
pot,znoj
potići,lončići - posuđe
potna,znojna
povedat,"govoriti, reći"
povedat,"pričat, ispričat"
pozabit,zaboraviti
pozabit,zaboraviti
poždolu,nizbrdo
prasac,svinja
prasac,svinja
prašit,ići brzo
pravit,reći
pravit,ispričati
praz,ovan
prehićevat,prebacivati
prehitit,prebaciti
preprost,priglup
prestrašen,uplašen
pride,dođe
prignjeno,sagnuto
prignjevat,saginjati se
prignut,sagnuti se
prihajat,"dolaziti, stizati"
pripejat,dovesti
priša,žurba
prišal,došao
prit,doći
prkat,svinjac
prkatić,nastamba za domaće životinje
prneševat,donositi
prnest,donjeti
probuć,presvući
probučevat,presvlačiti
promenilo,izmjenilo
promenit,promjeniti
pršona,osoba
prsura,tava
pršut,šunka
prti,penje
pržun,zatvor
puči,pukotine
pul,pokraj
pulpit,propovjedaonica
purga,sredstvo za probavu
putac,"gumb (kao za lift i slično, ne na odjeći) (Kastavština)"
rabi,treba
rabi,treba
rabi storit,treba napraviti
rabit,upotrebljavati
rabota,radna akcija
raćin,naušnica
rad,rado
raglu,gumena varalica u obliku ribice
rahjat,"rahliti, najčešće zemlju nakon kopanja"
rajalo,rađalo
rakala,drvena motka
ram,bakar
rameni,bakreni
ramenica,naramenica
ramina,"peka, željezna posuda za pečenje kruha"
rančizica,zumbul
raneje,ranije
rapala,umjetna ribica za lov liganja
rašan,mjera za količinu maslina
rashićevat,bacati
rašji,rašlje
raskašetat,nastaniti
rašpa,turpija za drvo
raspelo,križ s raspetim Isusom
raspodelit,raspodjeliti
rasprtit se,skinuti teret sa sebe
raspust,dio zaprežnih kola
rastepst se,razići se po svijetu
razbekarit,rezati meso (raskomadati)
ražentat,isprati
razjadil,razljutio
razjadit se,naljutiti se
razma,drveni rukohvat
razumet,razumjeti
re,ide
rećini,naušnice
"red, rednja",nasljednik i nasljednica imanja
redić,"red trsja, vinove loze"
reditat,naslijediti
ređipet,grudnjak
refat se,"oporaviti se, nadomjestiti (osloboditi se duga- (refal se duga)"
reful,"nalet, udar vjetra"
regal,poklon
regalat,pokloniti
regulat,srediti
regule,pravila
reja,rjeđa
rejčica,svinjsko salo koje služi za mazanje težačkih ruka
reloj,džepni sat
remont,perjodični pregled
rendit,isplativo
rešpekt,respekt
rešpetaj,poštuj
retko,rijetko
režentat,isprati
ribarija,ribolov
ribati,strugati
ribić,veliki vodenjak
"Ričan, Rečan","( Recan, Bakar) - Riječanin (Oj Recani, mila braćo na sa!)"
"Ričanka, Rečanka,","(Recanka, Bakar) - Riječanka"
rici,kovrče
Ričina,ili Rečina - naziv za Rječinu
ricvard,obzir
riđipet,grudnjak
riga,crta
rikamat,vesti - ručni rad
rikuperat se,izlječiti se
risati,crtati
riva,talijansko ime za KRAJ
riva,gura
riva,pristanište za brodove
rivat,gurati
roba,platno - odjeća
rodul,valjak
rogi,rogovi
rojen,rođen
rojendan,rođendan
Roma,Rim
rovinat,uništiti
rozga,grana trsa
rožica,cvijet
rožice,cvijeće
rožje,"odrezani, suhi trsovi grančice"
rub,ivica
ruj,vrsta drveta
rušačić,mala naprtnjača
rušnja,"jutarnji obrok, doručak"
rušpid,gruf
ruzina,rđa
s kin,s kime
saja,čađa (područje Kraljevice)
sajla,čelično uže
sakakov,svakakav
sakamo,svugdje
sakemu,svakome
saken,u svakome
saki,svaki
saki ki pasa,svaki prolaznik
sako malo,svako toliko
sakrabojska,izuzetna u pozitivnom smislu
sakramenska,izuzetna u negativnom smislu
salam,salamov
salica,hodnik
salpat,izvući mrežu ili nešto drugo iz mora
salsa,umak od rajčice
samanj,sajam
samina,"samoća,usamljenost,izoliranost"
san,biti
san paral,sam mislio
sase,siše
se,sve
seć,sjeći
sedet,sjediti
sega,svega
seh,sviju
seka,"sika,morsko dno bogato kamenjem,pličina,morski greben"
seme,sjeme
semo,ovamo
"semoje, semonje",doći bliže
senjal,znak
sest,sjesti
si,svi
sić,kanta za vodu
sin,svima
sin si lep,svima si lijep
skaline,stepenice
skancija,drvena polica za suđe
"skodić, skod",ispred ulaza u kuću
skonbusolan,dezorijentiran (područje Opatije)
skopat,iskopati
skos,"trzanj, najveci napor"
skrb,briga
skriši,krisom
skupa,zajedno
skust,čupati
skužat,oprostiti
slabo,nije najbolje
slamnica,slamarica
sled,malo
sliva,šljiva
smekujići,plodovi smreke
smirun,"stalno, cijelo vrijeme, neprestano"
smolarit,skupljati smolu
smreka,"obična borovica,šmrika"
sneg,snijeg
snetit,naložiti vatru
snetit,učiniti
snovači,drvene grede-razvlačiti pređu za tkanje
soldat,vojnik
soldi,novci
somelier,poznavalac vina-vinski znalac
spamećevat,prisjećati se
spametit se,sjetiti se
spaši,"izleti,obilasci"
spat,spavati
spat,spavati
spezat,izvagati
spi,spava
spilit,ispiliti
spining,način ribolova
splatit se,isplatiti se
splošno,dobar apetit
spodoban,sličan
spomenut,govoriti
spominjati se,sjećati se
spomoću,pomoću
sponi,naprave koje se stavljaju životinjama na noge kako bi se sputala
sporučat,poručiti
spotit,oznojiti se
spravjat,spremati
spraznit,isprazniti
spred-spreda,ispred
sprekidat,"isprekidati,polomiti"
sprotu,ususret
spuščena,spuštena
sran,sram
srdelera,mreža za lov srdela
srećan,sretan
sršen,stršljen
stablika,stabljika
stal,stajati
stala,ustala
stan,sve seoske ovce skupljene u jedno krdo
stani se,ustani se
star,mjera za količinu maslina
stara frajla,neudata djevojka
starić,starinska mjera za volumen
stat,ustati
stavit,metnuti
staviti nastran,izbrojiti
steć,steći
steja,stelja
stenj,"stijenj,fitilj"
stenjano,označeno
steplit,"ugrijati, zagrijati"
stirati,istjerati
stišnjin,stisnut
stočit,istočiti
stomanja,potkošulja
stomanja,košulja
stopljin-stopjen,otopljen
storeno,napravljeno
storila,napravila
storit,učiniti
storit,napraviti
strašjiv,strašljiv
strel,munja
strudit se,"truditi se=umoriti se,umoran"
su,svu
"suć, sukla",skinuti
sučedit,dogoditi se
suh,suh(nije mokar) mršav
sulica,bjelouška
superba,ohola
sura,tava
sused,susjed
suseda,susjeda
suzi,suze
svaća,svatovi
svadit,svađati se
svećar,ribar koji pod svjetiljkom ferala skuplja svilu
svet,svijet
svetlo,svjetlo
sviti,haljina
svitlo,svjetlo
tabak,duhan
taj,ožiljak
taki,potpetice
takov,takav
takova,takva
takujin,novčanik
Talija,Italija
tamonje,idi dalje
tanac,ples
tancat,plesati
tancat,"plesat, plesati"
tarac,terasa
tarina,glinena zdjela
tarulj,drveni tanjur za palentu
tati,lopovi
tavaja,stolnjak
tavajol,stolnjak
"tavalun, tavalon",debela daska
tavijol,ubrus
tavola,stol
te,čaj
teć,trčati
teču,trče
tega,toga
tela,gomilano platno
teleferika,žičara
telefonat,telefonirati
televizor,televizija
televizor,TV
televizor,tv
tellin,tijelom
telo,tijelo
tendit,pokazivati razumjevanje
teplina,vrućina
teplo,toplo
teplo,toplo
tesera,dozvola
tesla,sjekira za tesanje
testament,oporuka
tić,ptičica
"tić,tičić","ptica, ptičica"
tikat,dirati
timun,volan
timunjer,kormilar
tina,bačva širokog otvora u kojoj se masti grožđe
tinj,predgradni zid
tir,"udarac, pucanj, hitac"
tira,tjera
tirada,odjendnom izručena količina
tirada,paljba
tirat,tjerati
tišljar,"stolar, drvodjelac"
toporišće,"drška, držalo"
torkul,ručna preša za grožđe
torkula,vrsta masline
tornakamin,"zavjesa na napi, ukras"
tornica,okruglo ili četvrtasto udubljenje u kući u kojem je smješteno ognjište
tošar,radnik u uljari
tovar,magarac
tovar,magarac
tovor,količina
trabakul,"teretno, obalni jedrenjak s dva jarbola"
tradit,iznevjeriti
tramontana,"vrsta vjetra, sjeverac"
trapan,bušilica
trapula,zamka
traškuran,zanemaren
traškuranca,nemarnost
traversa,pregača
treba,potrebno je
trefit,sresti
trenini,rugančići
treska,pljuska
treviti,"pogoditi, udariti, sresti, naići na nekoga, naletiti"
trgatva,berba grožđa
trieštinka,vrsta harmonike
trinketina,ljetnjača u pomorstvu
trliš,radno odjelo
trliš,radno odijelo
trubilo,"blesav, glupan"
trubna,usna
trudan,umoran
trudan,umoran
trudna,umorna
trumbeta,truba
trupit,udariti
tubo,cijev
tuje,tuđe
tuji,tuđi
tunbin,rupa ispod ceste
turan,zvonik
turkinja,kukuruz
tuži,žali
šajeta,munja
šapćat,šaptati
šćapić,starački štap
šćipalnica,štipaljka
šćurak,"šturak, livadni ili kućni"
šegac,vrsta manje pile s drvenom drškom
šegav,"bistar, lukav, prepreden"
šegun,dugačka pila kojom pile dvoje ljudi
šenci,nametnici u kosi (uši)
šenica,pšenica
šentada,klupa
šerbet,"zadnja, nekvalitetna rakija"
šesan,zgodan
šesno,"uredno, pristojno, lijepo s ukusom"
šešula,lopatica
šetemana,tjedan
ši,da
šinjorina,gospođa
škabel,noćni ormarić
škafa,sudoper
škale,stepenice
škaline,stepenice
škapulat,spasiti
škatula,kutija
škerac,šala
škerca se,šali se
škercoz,šaljiv
škina,leđa
škoji,otoci
školan,učenik
školj,otok
škorica,amula
škrlatina,pelargonija
škuro,tamno
šla,"išla, otišla"
šoldi,novci
špageti,tjestenina
špaher,štednjak
špaleta,"meso svinje-obično sušeno, plećka"
špaline,naramenice
španjolet,cigareta
šparhet,štednjak
šparužina,grm šparuge
špašižat,šetati
špijat,"motriti potajno, viriti"
špina,slavina
športa,okrugla vreća od konoplje u kojoj se mljevene masline stavljaju pod prešu
štajon,"godišnje doba,sezona ( lov, kosidba)"
šterika,svijeća
šterna,"cisterna, spremište za kišnicu"
štimano,ponosno
štimat,cijeniti
štorija,priča
štrambo,krivo
"štumih, štumik",želudac
šufit,tavan
šugaman,ručnik
šugo,jelo od mesa
šundrat,uništiti
šušnjat,šumovi - lagani
šušur,gužva
šviče,"fijuče, zvuk vjetra (bure)"
tabak,duhan
taj,ožiljak
taki,potpetice
takov,takav
takova,takva
takujin,novčanik
Talija,Italija
tamonje,idi dalje
tanac,ples
tancat,plesati
tancat,"plesat, plesati"
tarac,terasa
tarina,glinena zdjela
tarulj,drveni tanjur za palentu
tarulj,drveni tanjur za palentu
tati,lopovi
tavaja,stolnjak
tavajol,stolnjak
"tavalun, tavalon",debela daska
tavijol,ubrus
tavola,stol
te,čaj
teć,trčati
teču,trče
tega,toga
tela,gomilano platno
teleferika,žičara
telefonat,telefonirati
televizija,televizor
tellin,tijelom
telo,tijelo
tendit,pokazivati razumjevanje
teplina,vrućina
teplo,toplo
teplo,toplo
tesera,dozvola
tesla,sjekira za tesanje
testament,oporuka
tić,ptičica
tić,ptica
tikat,dirati
timun,volan
timunjer,kormilar
tina,bačva širokog otvora u kojoj se masti grožđe
tinj,predgradni zid
tir,"udarac, pucanj, hitac"
tira,tjera
tirada,odjendnom izručena količina
tirada,paljba
tirat,tjerati
tišljar,"stolar, drvodjelac"
toporišće,"drška, držalo"
torkul,ručna preša za grožđe
torkula,vrsta masline
tornakamin,"zavjesa na napi, ukras"
tornica,okruglo ili četvrtasto udubljenje u kući u kojem je smješteno ognjište
tošar,radnik u uljari
tovar,magarac
tovar,magarac
tovor,količina
trabakul,"teretno, obalni jedrenjak s dva jarbola"
tradit,iznevjeriti
tramontana,"vrsta vjetra, sjeverac"
trapan,bušilica
trapula,zamka
traškuran,zanemaren
traškuranca,nemarnost
traversa,pregača
treba,potrebno je
trefit,sresti
trenini,rugančići
treska,pljuska
treviti,"pogoditi, udariti, sresti, naići na nekoga, naletiti"
trgatva,berba grožđa
trieštinka,vrsta harmonike
trinketina,ljetnjača u pomorstvu
trliš,radno odjelo
trliš,radno odijelo
trubilo,"blesav, glupan"
trubna,usna
trudan,umoran
trudan,umoran
trudna,umorna
trumbeta,truba
trupit,udariti
tubo,cijev
tuje,tuđe
tuji,tuđi
tunbin,rupa ispod ceste
turan,zvonik
turkinja,kukuruz
tuži,žali
udičarenje,ribolov povrazom (udicom)
uganjat,pogađati
ugjedat,ugledati
ugnjen,"ugljen, žar, žeravica"
uharica,drvena posuda s jednom drškom
uje,ulje
ujeni,uljeni
uličina,odsječene maslinove grane
ulika,maslina
umejak,"veće, neravno, suhozidom ograđeno zemljište za ispašu ovaca i koza"
umidanca,vlaga
umret,umrijeti
umret,preminuti
un,on
unput,onomad
unput,onda
ura,sat
ušćap,uštap
ušćap,pun mjesec
uška,učka
ustal,ostalo
usten,u ustima
utornjak,alatka kojom se prave utori na bačvama
uzal,čvor
užanca,običaj
užanci,običaji
užat,običavati
užetar,čovjek koji radi s užetom
uzlanka,"lako stegnuti čvor, na cipelama"
va,u
va se,u sebe
va tele,u tijelu
vadit,učiti
vagoncini,vagončići
vajat se,valjati-dobro
vajer,uvis
valda,valjda
valiža,"kufer,kovčeg"
vamo,ovamo
vapil,vikao
vapit,vikati
vapor,putnički brod
variti,kuhati
vas,sav
vavek,uvijek
Vazam,Uskrs
vazanj,uskrs
vejar,prostorija u koju se sprema suho lišće za staju
veje,lišće
veli,velik
velo,veliko
vengo,nego
vesel,veseo
vešta,haljina
vešta,haljina
veštid,odijelo
vetar,vjetar
vetura,automobil
vida,vijak
videt,vidjeti
videt,vidjeti
vidrijol,modra galica
vijaj,putovanje
vijolica,ljubičica
vikleri,uvijači za kosu
vilan,seljak
vinć,vitlo
viš,vidiš
višta,vidik
vitrina,stakleni kuhinjski ormar
vlah,pripadnik rumunjske manjine u Istri
vlasi,kosa
vlih,malo prije
vnuk,unuk
vnuki,unuci
voja,volja
volet,voljeti
voli,volovi
vrajža,vražja
vranić,"vragolan,vražić"
vratnica,"prozorski kapac,škura,rebrenica"
vrčina,noćna posuda
vredan,vrijedan
vret,"kuhati,kipiti"
vrh,vršić
vrime,vrijeme
vritnjak,udarac nogom
vrnjevat se,"vraćati se,vratiti se"
vrnut se,doći opet
vrtet,okretati
vrtet,vrtjeti
vruja,"vrulja,podmorski izvor slatke vode"
zač,zašto
zajno,zajedno
zajno,skupa
zajno,u društvu
zapačan,zaokupljen
zdolun,prema dolje
zet,uzeti
zgorun,prema gore
zgubit,izgubiti
zibat,ljuljati
zijat,vikati
znet,izvaditi
zrcalo,ogledalo
zvental,izmislio
zvizda,zvijezda
žal,žao
žbaljala,pogriješila
žbica,dio grane
žbice,tanke grančice
žbokat,žbukati
žejna,žedna
železnica,željeznica
železo,željezo
ženska,žena
žep,džep
žerava,"žar, izgorjeli pregrijani komadi drveta koji se koriste samo za toplinu i održavanje ognja"
žeš,kreda
žilavica,sadnica
žimeć,zatvorenih očiju
živa voda,vodovod
živjenje,življenje
živjenje,život
žlebac,crijep
žlitat,sanjkati
žmi,žmiriti
žmuj,čaša
žoki,opanci
žufko,gorko
žuji,žuljevi
žukva,brnistra
žurnada,dnevnica
žvejarin,budilica
žvelt,hitar
žvelt,brz
žvelto,brzo